[{"type": "corridor", "x": -96, "y": -64}, {"type": "corridor", "x": -96, "y": 64}, {"type": "corridor", "x": -96, "y": 192}, {"type": "corridor", "x": -96, "y": 320}, {"type": "corridor", "x": 160, "y": 320}, {"type": "corridor", "x": 416, "y": 320}, {"type": "corridor", "x": 672, "y": 320}, {"type": "corridor", "x": 928, "y": 320}, {"type": "corridor", "x": 928, "y": 192}, {"type": "corridor", "x": 928, "y": 64}, {"type": "corridor", "x": 928, "y": -64}, {"type": "room", "x": 544, "y": -1088}, {"type": "corridor", "x": 1184, "y": 320}, {"type": "corridor", "x": 1440, "y": 320}, {"type": "corridor", "x": 1440, "y": 576}, {"type": "room", "x": 1056, "y": 832}, {"type": "corridor", "x": 1696, "y": 320}, {"type": "corridor", "x": 1952, "y": 320}, {"type": "corridor", "x": 2208, "y": 320}, {"type": "room", "x": 1824, "y": -1088}, {"type": "corridor", "x": 2208, "y": 192}, {"type": "corridor", "x": 2208, "y": 64}, {"type": "corridor", "x": 2208, "y": -64}, {"type": "corridor", "x": 2464, "y": 320}, {"type": "corridor", "x": 2720, "y": 320}, {"type": "corridor", "x": 2720, "y": 448}, {"type": "corridor", "x": 2720, "y": 576}, {"type": "corridor", "x": 2720, "y": 704}, {"type": "room", "x": 2336, "y": 832}, {"type": "corridor", "x": 1440, "y": 704}, {"type": "corridor", "x": 1440, "y": 448}, {"type": "corridor", "x": 2976, "y": 320}, {"type": "corridor", "x": 3232, "y": 320}, {"type": "room", "x": 3104, "y": -1088}, {"type": "corridor", "x": 3488, "y": 320}, {"type": "corridor", "x": 3488, "y": 192}, {"type": "corridor", "x": 3488, "y": 64}, {"type": "corridor", "x": 3488, "y": -64}, {"type": "level enter", "x": 928, "y": -1024, "level": 1}, {"type": "level enter", "x": 1440, "y": 1664, "level": 2}, {"type": "lock", "x": 1440, "y": 768, "key": "20"}, {"type": "lock", "x": 2208, "y": -64, "key": "30"}, {"type": "lock", "x": 2720, "y": 768, "key": "40"}, {"type": "lock", "x": 3488, "y": -64, "key": "50"}, {"type": "level enter", "x": 2208, "y": -1024, "level": 3}, {"type": "level enter", "x": 2688, "y": 1664, "level": 4}, {"type": "level enter", "x": 3520, "y": -1024, "level": 5}]