[{"type": "corridor", "x": -672, "y": -320}, {"type": "corridor", "x": -928, "y": -320}, {"type": "corridor", "x": -1184, "y": -320}, {"type": "corridor", "x": -1440, "y": -320}, {"type": "corridor", "x": -1696, "y": -320}, {"type": "corridor", "x": -1952, "y": -320}, {"type": "corridor", "x": -2208, "y": -320}, {"type": "corridor", "x": -2464, "y": -320}, {"type": "corridor", "x": -2720, "y": -320}, {"type": "corridor", "x": -2976, "y": -320}, {"type": "corridor", "x": -1952, "y": -448}, {"type": "corridor", "x": -1952, "y": -576}, {"type": "corridor", "x": -1952, "y": -704}, {"type": "corridor", "x": -1952, "y": -832}, {"type": "corridor", "x": -1952, "y": -960}, {"type": "corridor", "x": -4512, "y": 448}, {"type": "corridor", "x": -4768, "y": 448}, {"type": "corridor", "x": -5280, "y": 448}, {"type": "corridor", "x": -5536, "y": 448}, {"type": "corridor", "x": -5536, "y": 576}, {"type": "corridor", "x": -5536, "y": 704}, {"type": "corridor", "x": -5536, "y": 832}, {"type": "corridor", "x": -5536, "y": 960}, {"type": "corridor", "x": -5536, "y": 1088}, {"type": "corridor", "x": -416, "y": -320}, {"type": "room", "x": -160, "y": -320}, {"type": "corridor", "x": -3232, "y": -320}, {"type": "corridor", "x": -5024, "y": 448}, {"type": "room", "x": -4256, "y": -448}, {"type": "end", "x": -5472, "y": 1056}, {"type": "zombie", "x": -1280, "y": -288}, {"type": "zombie", "x": -2240, "y": -288}, {"type": "zombie", "x": -5440, "y": 736}, {"type": "zombie", "x": -4160, "y": -352}, {"type": "zombie", "x": -4128, "y": 448}, {"type": "zombie", "x": -1856, "y": -896}, {"type": "zombie", "x": 768, "y": 608}, {"type": "checkpoint", "x": -3232, "y": -320, "id": "1"}, {"type": "checkpoint", "x": -4448, "y": 448, "id": "2"}]