[{"type": "corridor", "x": -96, "y": -32}, {"type": "corridor", "x": -96, "y": 96}, {"type": "corridor", "x": -96, "y": 224}, {"type": "corridor", "x": -96, "y": 352}, {"type": "corridor", "x": -96, "y": -160}, {"type": "corridor", "x": -96, "y": -288}, {"type": "corridor", "x": 160, "y": -288}, {"type": "corridor", "x": 160, "y": -416}, {"type": "corridor", "x": 160, "y": -544}, {"type": "corridor", "x": 160, "y": -672}, {"type": "corridor", "x": 160, "y": -928}, {"type": "corridor", "x": -96, "y": -928}, {"type": "corridor", "x": -352, "y": -928}, {"type": "corridor", "x": -608, "y": -928}, {"type": "corridor", "x": -864, "y": -928}, {"type": "corridor", "x": -1888, "y": -480}, {"type": "corridor", "x": -1888, "y": -352}, {"type": "corridor", "x": -2144, "y": -1504}, {"type": "corridor", "x": -2400, "y": -1504}, {"type": "corridor", "x": -2656, "y": -1504}, {"type": "corridor", "x": -2656, "y": -1376}, {"type": "corridor", "x": -2656, "y": -1248}, {"type": "corridor", "x": -2912, "y": -1248}, {"type": "corridor", "x": -2912, "y": -1120}, {"type": "corridor", "x": -2912, "y": -992}, {"type": "corridor", "x": -3168, "y": -1248}, {"type": "corridor", "x": -3680, "y": -1248}, {"type": "corridor", "x": -3200, "y": -1376}, {"type": "corridor", "x": -3200, "y": -1632}, {"type": "corridor", "x": -1888, "y": -224}, {"type": "corridor", "x": -1888, "y": -96}, {"type": "corridor", "x": -1888, "y": 32}, {"type": "corridor", "x": -1888, "y": 160}, {"type": "corridor", "x": -1888, "y": 288}, {"type": "corridor", "x": -1632, "y": 128}, {"type": "corridor", "x": -1376, "y": 128}, {"type": "corridor", "x": -1120, "y": 256}, {"type": "corridor", "x": -1376, "y": 384}, {"type": "corridor", "x": -1376, "y": 512}, {"type": "corridor", "x": -1376, "y": 768}, {"type": "corridor", "x": -1888, "y": 416}, {"type": "corridor", "x": -1888, "y": 544}, {"type": "corridor", "x": -3200, "y": -1504}, {"type": "corridor", "x": -2912, "y": -864}, {"type": "room", "x": -1888, "y": -1504}, {"type": "corridor", "x": -3424, "y": -1248}, {"type": "corridor", "x": 160, "y": -800}, {"type": "corridor", "x": -1376, "y": 640}, {"type": "corridor", "x": -1120, "y": 384}, {"type": "corridor", "x": -1120, "y": 128}, {"type": "lock", "x": -96, "y": -160, "key": "12"}, {"type": "lock", "x": -1888, "y": -480, "key": "22"}, {"type": "lock", "x": -1888, "y": 256, "key": "32"}, {"type": "end", "x": -1824, "y": 512}, {"type": "chest", "x": -32, "y": 384, "space": [["empty", ["key", "12"], "empty", "empty", "empty", "empty", "empty", "empty", "empty"], ["empty", "empty", "empty", "empty", "empty", "empty", "empty", "empty", "empty"], ["empty", "empty", "empty", "empty", "empty", "empty", "empty", "empty", "empty"]]}, {"type": "zombie", "x": -384, "y": -896}, {"type": "zombie", "x": -992, "y": -1216}, {"type": "zombie", "x": -1856, "y": -1440}, {"type": "zombie", "x": -1408, "y": -576}, {"type": "zombie", "x": -2560, "y": -1216}, {"type": "zombie", "x": -3136, "y": -1504}, {"type": "zombie", "x": -2880, "y": -896}, {"type": "chest", "x": -2848, "y": -832, "space": [["empty", "empty", "empty", "empty", "empty", "empty", "empty", "empty", "empty"], ["empty", "empty", "empty", "empty", "empty", "empty", "empty", "empty", "empty"], ["empty", "empty", "empty", "empty", "empty", "empty", "empty", "empty", "empty"]]}, {"type": "chest", "x": -3136, "y": -1600, "space": [["empty", "empty", "empty", "empty", "empty", "empty", "empty", "empty", "empty"], ["empty", "empty", "empty", "empty", "empty", "empty", "empty", "empty", "empty"], ["empty", "empty", "empty", "empty", "empty", "empty", "empty", "empty", "empty"]]}, {"type": "chest", "x": -3616, "y": -1216, "space": [["empty", "empty", "empty", "empty", "empty", "empty", "empty", "empty", "empty"], ["empty", "empty", "empty", "empty", "empty", "empty", "empty", "empty", "empty"], ["empty", "empty", "empty", "empty", "empty", ["key", "22"], "empty", "empty", "empty"]]}, {"type": "chest", "x": -1312, "y": 800, "space": [["empty", "empty", "empty", "empty", "empty", "empty", "empty", "empty", "empty"], ["empty", "empty", "empty", "empty", "empty", "empty", "empty", "empty", ["key", "32"]], ["empty", "empty", "empty", "empty", "empty", "empty", "empty", "empty", "empty"]]}, {"type": "zombie", "x": -1536, "y": 160}, {"type": "archer", "x": -3424, "y": -1216}, {"type": "archer", "x": 192, "y": -768}, {"type": "archer", "x": -1280, "y": 640}, {"type": "checkpoint", "x": -800, "y": -928, "id": "1"}, {"type": "checkpoint", "x": -1824, "y": -384, "id": "2"}]