[{"type": "room", "x": -64, "y": -928}, {"type": "corridor", "x": -64, "y": 96}, {"type": "corridor", "x": -64, "y": 224}, {"type": "corridor", "x": -64, "y": 352}, {"type": "corridor", "x": 960, "y": -32}, {"type": "corridor", "x": 1216, "y": -32}, {"type": "corridor", "x": 1472, "y": -32}, {"type": "corridor", "x": 1728, "y": -32}, {"type": "corridor", "x": 1984, "y": -32}, {"type": "corridor", "x": 2240, "y": -32}, {"type": "corridor", "x": 2496, "y": -32}, {"type": "room", "x": 2752, "y": -32}, {"type": "corridor", "x": -64, "y": -1184}, {"type": "corridor", "x": -320, "y": -1184}, {"type": "corridor", "x": -576, "y": -1184}, {"type": "corridor", "x": -832, "y": -1184}, {"type": "corridor", "x": -1088, "y": -1184}, {"type": "corridor", "x": -64, "y": -1056}, {"type": "corridor", "x": -1344, "y": -1184}, {"type": "corridor", "x": -1344, "y": -1312}, {"type": "corridor", "x": -1600, "y": -1184}, {"type": "corridor", "x": -1344, "y": -1440}, {"type": "corridor", "x": -1344, "y": -1696}, {"type": "corridor", "x": -1344, "y": -1568}, {"type": "corridor", "x": -1344, "y": -1824}, {"type": "corridor", "x": -1344, "y": -1952}, {"type": "corridor", "x": -1344, "y": -2080}, {"type": "room", "x": -1728, "y": -3104}, {"type": "corridor", "x": -1856, "y": -1184}, {"type": "corridor", "x": -1856, "y": -1312}, {"type": "corridor", "x": -1856, "y": -1440}, {"type": "corridor", "x": -1856, "y": -1568}, {"type": "corridor", "x": -2112, "y": -1568}, {"type": "corridor", "x": -2368, "y": -1568}, {"type": "corridor", "x": -2624, "y": -1568}, {"type": "corridor", "x": -2880, "y": -1568}, {"type": "corridor", "x": -3136, "y": -1568}, {"type": "end", "x": 0, "y": 320}, {"type": "chest", "x": 3616, "y": 896, "space": [["empty", "empty", "empty", ["key", "13"], "empty", "empty", "empty", "empty", "empty"], ["empty", "empty", "empty", "empty", "empty", "empty", "empty", "empty", "empty"], ["empty", "empty", "empty", "empty", "empty", "empty", "empty", "empty", "empty"]]}, {"type": "zombie", "x": 2656, "y": 0}, {"type": "zombie", "x": 2816, "y": 864}, {"type": "zombie", "x": 3680, "y": 0}, {"type": "archer", "x": 3552, "y": 800}, {"type": "chest", "x": -864, "y": -2176, "space": [["empty", ["key", "23"], "empty", "empty", "empty", "empty", "empty", "empty", "empty"], ["empty", "empty", "empty", "empty", "empty", "empty", "empty", "empty", "empty"], ["empty", "empty", "empty", "empty", "empty", "empty", "empty", "empty", "empty"]]}, {"type": "zombie", "x": -1088, "y": -2432}, {"type": "zombie", "x": -1184, "y": -2560}, {"type": "zombie", "x": -992, "y": -2560}, {"type": "archer", "x": -1088, "y": -2752}, {"type": "lock", "x": -1856, "y": -1248, "key": "23"}, {"type": "chest", "x": -3104, "y": -1536, "space": [["empty", "empty", "empty", "empty", "empty", "empty", ["key", "33"], "empty", "empty"], ["empty", "empty", "empty", "empty", "empty", "empty", "empty", "empty", "empty"], ["empty", "empty", "empty", "empty", "empty", "empty", "empty", "empty", "empty"]]}, {"type": "zombie", "x": -1728, "y": -1376}, {"type": "zombie", "x": -1824, "y": -1536}, {"type": "zombie", "x": -2080, "y": -1536}, {"type": "zombie", "x": -2464, "y": -1536}, {"type": "archer", "x": -2816, "y": -1536}, {"type": "lock", "x": -64, "y": 96, "key": "33"}, {"type": "lock", "x": -64, "y": -1056, "key": "13"}, {"type": "checkpoint", "x": -256, "y": -1184, "id": "1"}, {"type": "checkpoint", "x": -2688, "y": -1568, "id": "2"}]