[{"type": "corridor", "x": -96, "y": -32}, {"type": "corridor", "x": 160, "y": -32}, {"type": "corridor", "x": 160, "y": 96}, {"type": "corridor", "x": 160, "y": 224}, {"type": "corridor", "x": -96, "y": 224}, {"type": "corridor", "x": -96, "y": 352}, {"type": "corridor", "x": -96, "y": 480}, {"type": "corridor", "x": -352, "y": 480}, {"type": "corridor", "x": -608, "y": 480}, {"type": "corridor", "x": -352, "y": -32}, {"type": "corridor", "x": -96, "y": -160}, {"type": "corridor", "x": -96, "y": -288}, {"type": "corridor", "x": 160, "y": -288}, {"type": "corridor", "x": 160, "y": -416}, {"type": "corridor", "x": 160, "y": -544}, {"type": "corridor", "x": 416, "y": -544}, {"type": "corridor", "x": 672, "y": -544}, {"type": "corridor", "x": 672, "y": -672}, {"type": "corridor", "x": 160, "y": -672}, {"type": "corridor", "x": -96, "y": -544}, {"type": "corridor", "x": -352, "y": -544}, {"type": "corridor", "x": -352, "y": -672}, {"type": "corridor", "x": -352, "y": -800}, {"type": "corridor", "x": -352, "y": -928}, {"type": "corridor", "x": -608, "y": -928}, {"type": "corridor", "x": -864, "y": -928}, {"type": "corridor", "x": -864, "y": -800}, {"type": "corridor", "x": -864, "y": -672}, {"type": "corridor", "x": -1120, "y": -672}, {"type": "corridor", "x": -1120, "y": -544}, {"type": "corridor", "x": -608, "y": -32}, {"type": "corridor", "x": -864, "y": -32}, {"type": "corridor", "x": -864, "y": 96}, {"type": "corridor", "x": -1120, "y": 96}, {"type": "corridor", "x": -1120, "y": 224}, {"type": "corridor", "x": -1376, "y": 224}, {"type": "corridor", "x": -1376, "y": 352}, {"type": "corridor", "x": 416, "y": -32}, {"type": "corridor", "x": 672, "y": -32}, {"type": "corridor", "x": 672, "y": -160}, {"type": "corridor", "x": 928, "y": -160}, {"type": "corridor", "x": 1184, "y": -160}, {"type": "corridor", "x": 1184, "y": -32}, {"type": "corridor", "x": 928, "y": -288}, {"type": "corridor", "x": 1440, "y": -160}, {"type": "corridor", "x": 1184, "y": 96}, {"type": "corridor", "x": 1184, "y": 224}, {"type": "corridor", "x": 1184, "y": 352}, {"type": "corridor", "x": 928, "y": 352}, {"type": "corridor", "x": 1440, "y": 352}, {"type": "corridor", "x": 1440, "y": 480}, {"type": "corridor", "x": 1440, "y": 608}, {"type": "corridor", "x": 1184, "y": 608}, {"type": "corridor", "x": 928, "y": 608}, {"type": "corridor", "x": 672, "y": 608}, {"type": "corridor", "x": 416, "y": 608}, {"type": "corridor", "x": 416, "y": 736}, {"type": "corridor", "x": 416, "y": 864}, {"type": "corridor", "x": 1184, "y": 736}, {"type": "corridor", "x": 1184, "y": 864}, {"type": "corridor", "x": 1184, "y": 992}, {"type": "corridor", "x": 160, "y": 864}, {"type": "corridor", "x": -96, "y": 864}, {"type": "corridor", "x": -352, "y": 864}, {"type": "corridor", "x": -608, "y": 864}, {"type": "corridor", "x": -608, "y": 992}, {"type": "corridor", "x": -864, "y": 864}, {"type": "corridor", "x": -1120, "y": 864}, {"type": "corridor", "x": -1120, "y": 736}, {"type": "corridor", "x": -1376, "y": 736}, {"type": "corridor", "x": -1632, "y": 736}, {"type": "corridor", "x": -1888, "y": 736}, {"type": "corridor", "x": -1888, "y": 608}, {"type": "corridor", "x": -608, "y": 1120}, {"type": "corridor", "x": -608, "y": 1248}, {"type": "corridor", "x": -608, "y": 1376}, {"type": "corridor", "x": -608, "y": 1504}, {"type": "corridor", "x": -608, "y": 1632}, {"type": "corridor", "x": -608, "y": -1056}, {"type": "corridor", "x": -608, "y": -1184}, {"type": "corridor", "x": -608, "y": -1312}, {"type": "corridor", "x": -608, "y": -1440}, {"type": "corridor", "x": -864, "y": -1440}, {"type": "corridor", "x": -1120, "y": -1440}, {"type": "corridor", "x": -1376, "y": -1440}, {"type": "corridor", "x": -1632, "y": -1440}, {"type": "corridor", "x": -352, "y": -1440}, {"type": "corridor", "x": -96, "y": -1440}, {"type": "corridor", "x": 160, "y": -1440}, {"type": "corridor", "x": 416, "y": -1440}, {"type": "corridor", "x": -96, "y": -1312}, {"type": "corridor", "x": -96, "y": -1184}, {"type": "corridor", "x": 416, "y": -1568}, {"type": "corridor", "x": 416, "y": -1696}, {"type": "corridor", "x": 416, "y": -1824}, {"type": "corridor", "x": -352, "y": -1568}, {"type": "corridor", "x": -352, "y": -1696}, {"type": "corridor", "x": -608, "y": -1696}, {"type": "corridor", "x": -608, "y": -1824}, {"type": "corridor", "x": -608, "y": -1952}, {"type": "chest", "x": -544, "y": 1664, "space": [["empty", "empty", "empty", "empty", "empty", "empty", "empty", "empty", "empty"], ["empty", "empty", "empty", "empty", "empty", "empty", "empty", "empty", "empty"], ["empty", ["key", "14"], "empty", "empty", "empty", "empty", "empty", "empty", "empty"]]}, {"type": "zombie", "x": -512, "y": 1504}, {"type": "zombie", "x": 512, "y": 768}, {"type": "archer", "x": -1600, "y": 768}, {"type": "zombie", "x": -1120, "y": 224}, {"type": "zombie", "x": -640, "y": 32}, {"type": "archer", "x": 256, "y": -640}, {"type": "zombie", "x": -1024, "y": -608}, {"type": "zombie", "x": -256, "y": -864}, {"type": "zombie", "x": 800, "y": -544}, {"type": "archer", "x": 1024, "y": -160}, {"type": "zombie", "x": 1568, "y": -128}, {"type": "zombie", "x": 1024, "y": 384}, {"type": "archer", "x": 1280, "y": 992}, {"type": "lock", "x": -608, "y": -1760, "key": "14"}, {"type": "end", "x": -544, "y": -1920}, {"type": "zombie", "x": -1568, "y": -1408}, {"type": "zombie", "x": -448, "y": -1696}, {"type": "archer", "x": 512, "y": -1760}, {"type": "zombie", "x": 0, "y": -1184}, {"type": "zombie", "x": -544, "y": 512}, {"type": "checkpoint", "x": -544, "y": 1344, "id": "1"}]