[{"type": "corridor", "x": -64, "y": -32}, {"type": "corridor", "x": -64, "y": -160}, {"type": "corridor", "x": -64, "y": -544}, {"type": "corridor", "x": -64, "y": -800}, {"type": "corridor", "x": -64, "y": -928}, {"type": "corridor", "x": -64, "y": -1184}, {"type": "corridor", "x": -64, "y": -1312}, {"type": "corridor", "x": -64, "y": -1824}, {"type": "corridor", "x": -64, "y": -2080}, {"type": "corridor", "x": -64, "y": -2208}, {"type": "corridor", "x": -320, "y": -32}, {"type": "corridor", "x": -576, "y": -32}, {"type": "corridor", "x": -832, "y": -32}, {"type": "corridor", "x": -1088, "y": -32}, {"type": "corridor", "x": -1344, "y": -32}, {"type": "corridor", "x": -1600, "y": -32}, {"type": "corridor", "x": -1856, "y": -32}, {"type": "corridor", "x": -1856, "y": -160}, {"type": "corridor", "x": -1856, "y": 96}, {"type": "corridor", "x": 192, "y": -416}, {"type": "corridor", "x": 448, "y": -416}, {"type": "corridor", "x": 704, "y": -416}, {"type": "corridor", "x": 960, "y": -416}, {"type": "corridor", "x": 1216, "y": -416}, {"type": "room", "x": 1472, "y": -1024}, {"type": "corridor", "x": -64, "y": -1952}, {"type": "corridor", "x": -64, "y": -2336}, {"type": "corridor", "x": -64, "y": -2464}, {"type": "corridor", "x": -64, "y": -2592}, {"type": "corridor", "x": -64, "y": -2720}, {"type": "corridor", "x": -64, "y": -2848}, {"type": "corridor", "x": -64, "y": -2976}, {"type": "corridor", "x": -64, "y": -3104}, {"type": "corridor", "x": -64, "y": -3232}, {"type": "room", "x": -64, "y": -4256}, {"type": "room", "x": 960, "y": -4256}, {"type": "corridor", "x": -64, "y": -1696}, {"type": "corridor", "x": -64, "y": -1568}, {"type": "corridor", "x": -320, "y": -1568}, {"type": "corridor", "x": -576, "y": -1568}, {"type": "corridor", "x": -832, "y": -1568}, {"type": "corridor", "x": -1088, "y": -1568}, {"type": "corridor", "x": -1344, "y": -1568}, {"type": "corridor", "x": -1600, "y": -1568}, {"type": "corridor", "x": -1600, "y": -1696}, {"type": "corridor", "x": -1600, "y": -1824}, {"type": "corridor", "x": -1600, "y": -1952}, {"type": "corridor", "x": -1600, "y": -2080}, {"type": "corridor", "x": -1600, "y": -2208}, {"type": "corridor", "x": -1600, "y": -2336}, {"type": "corridor", "x": -2880, "y": -2336}, {"type": "corridor", "x": -2624, "y": -2336}, {"type": "corridor", "x": -2368, "y": -2336}, {"type": "corridor", "x": -2112, "y": -2336}, {"type": "corridor", "x": -1856, "y": -2336}, {"type": "room", "x": -3904, "y": -3232}, {"type": "corridor", "x": -64, "y": -1440}, {"type": "corridor", "x": -64, "y": -288}, {"type": "corridor", "x": -64, "y": -672}, {"type": "corridor", "x": -320, "y": -800}, {"type": "corridor", "x": -576, "y": -800}, {"type": "corridor", "x": -3648, "y": -800}, {"type": "corridor", "x": -3392, "y": -800}, {"type": "corridor", "x": -3136, "y": -800}, {"type": "corridor", "x": -2880, "y": -800}, {"type": "corridor", "x": -2624, "y": -800}, {"type": "corridor", "x": -2368, "y": -800}, {"type": "corridor", "x": -2112, "y": -800}, {"type": "corridor", "x": -1856, "y": -800}, {"type": "corridor", "x": -1600, "y": -800}, {"type": "corridor", "x": -1344, "y": -800}, {"type": "corridor", "x": -1088, "y": -800}, {"type": "corridor", "x": -832, "y": -800}, {"type": "corridor", "x": -3904, "y": -800}, {"type": "corridor", "x": -64, "y": -1056}, {"type": "corridor", "x": 192, "y": -1184}, {"type": "corridor", "x": 448, "y": -1184}, {"type": "corridor", "x": 448, "y": -1312}, {"type": "corridor", "x": 448, "y": -1440}, {"type": "corridor", "x": 704, "y": -1440}, {"type": "corridor", "x": 2752, "y": -1440}, {"type": "corridor", "x": 2496, "y": -1440}, {"type": "corridor", "x": 2240, "y": -1440}, {"type": "corridor", "x": 1984, "y": -1440}, {"type": "corridor", "x": 1728, "y": -1440}, {"type": "corridor", "x": 1472, "y": -1440}, {"type": "corridor", "x": 1216, "y": -1440}, {"type": "corridor", "x": 960, "y": -1440}, {"type": "corridor", "x": 3008, "y": -1440}, {"type": "corridor", "x": 3008, "y": -1568}, {"type": "corridor", "x": 3008, "y": -1696}, {"type": "corridor", "x": 3264, "y": -1696}, {"type": "corridor", "x": 3264, "y": -1824}, {"type": "corridor", "x": 3264, "y": -1952}, {"type": "corridor", "x": 3008, "y": -1952}, {"type": "corridor", "x": 2752, "y": -1952}, {"type": "corridor", "x": 2496, "y": -1952}, {"type": "corridor", "x": 2240, "y": -1952}, {"type": "corridor", "x": 2240, "y": -2080}, {"type": "corridor", "x": 2240, "y": -2208}, {"type": "corridor", "x": 2496, "y": -2208}, {"type": "corridor", "x": 2752, "y": -2208}, {"type": "corridor", "x": 3008, "y": -2208}, {"type": "corridor", "x": 3264, "y": -2208}, {"type": "corridor", "x": 3008, "y": -1312}, {"type": "corridor", "x": 3008, "y": -1184}, {"type": "corridor", "x": 3008, "y": -1056}, {"type": "corridor", "x": 3008, "y": -928}, {"type": "corridor", "x": 3008, "y": -800}, {"type": "corridor", "x": 3008, "y": -672}, {"type": "corridor", "x": 3008, "y": -544}, {"type": "corridor", "x": 3008, "y": -416}, {"type": "corridor", "x": 3264, "y": -416}, {"type": "corridor", "x": 3520, "y": -416}, {"type": "corridor", "x": 3776, "y": -416}, {"type": "corridor", "x": 3776, "y": -544}, {"type": "corridor", "x": 3776, "y": -672}, {"type": "corridor", "x": 3776, "y": -800}, {"type": "corridor", "x": 3776, "y": -928}, {"type": "corridor", "x": 3776, "y": -1056}, {"type": "corridor", "x": 4032, "y": -1056}, {"type": "corridor", "x": 4288, "y": -1056}, {"type": "corridor", "x": 4288, "y": -1184}, {"type": "corridor", "x": 4288, "y": -1312}, {"type": "corridor", "x": 4544, "y": -1312}, {"type": "corridor", "x": -64, "y": -416}, {"type": "chest", "x": -1792, "y": -128, "space": [["empty", "empty", "empty", "empty", "empty", "empty", "empty", "empty", "empty"], ["empty", "empty", "empty", "empty", "empty", "empty", "empty", "empty", "empty"], ["empty", "empty", ["key", "15"], "empty", "empty", "empty", "empty", "empty", "empty"]]}, {"type": "zombie", "x": -1760, "y": 96}, {"type": "zombie", "x": -1536, "y": 0}, {"type": "archer", "x": -1728, "y": -32}, {"type": "zombie", "x": 1632, "y": -384}, {"type": "zombie", "x": 1632, "y": -544}, {"type": "zombie", "x": 1600, "y": -832}, {"type": "zombie", "x": 2208, "y": -832}, {"type": "archer", "x": 2208, "y": -512}, {"type": "zombie", "x": 1984, "y": -128}, {"type": "zombie", "x": 2016, "y": -480}, {"type": "zombie", "x": 1920, "y": -800}, {"type": "chest", "x": 2336, "y": -992, "space": [["empty", "empty", "empty", "empty", "empty", "empty", "empty", ["key", "25"], "empty"], ["empty", "empty", "empty", "empty", "empty", "empty", "empty", "empty", "empty"], ["empty", "empty", "empty", "empty", "empty", "empty", "empty", "empty", "empty"]]}, {"type": "zombie", "x": -1088, "y": -736}, {"type": "zombie", "x": -1312, "y": -736}, {"type": "zombie", "x": -1504, "y": -736}, {"type": "archer", "x": -1728, "y": -736}, {"type": "zombie", "x": -2016, "y": -736}, {"type": "zombie", "x": -2272, "y": -736}, {"type": "zombie", "x": -2496, "y": -736}, {"type": "zombie", "x": -2784, "y": -736}, {"type": "zombie", "x": -3072, "y": -736}, {"type": "archer", "x": -3232, "y": -736}, {"type": "archer", "x": -3392, "y": -736}, {"type": "archer", "x": -3520, "y": -736}, {"type": "chest", "x": -3840, "y": -3136, "space": [["empty", "empty", "empty", "empty", "empty", "empty", "empty", "empty", "empty"], ["empty", "empty", "empty", "empty", "empty", "empty", "empty", "empty", "empty"], ["empty", "empty", "empty", "empty", "empty", "empty", "empty", ["key", "55"], "empty"]]}, {"type": "archer", "x": -3584, "y": -3136}, {"type": "archer", "x": -3840, "y": -2976}, {"type": "archer", "x": -3552, "y": -2912}, {"type": "archer", "x": -3328, "y": -3136}, {"type": "archer", "x": -3776, "y": -2720}, {"type": "zombie", "x": -3520, "y": -2496}, {"type": "zombie", "x": -3104, "y": -2816}, {"type": "zombie", "x": -3136, "y": -2432}, {"type": "archer", "x": -2848, "y": -2272}, {"type": "zombie", "x": -2592, "y": -2272}, {"type": "zombie", "x": -1568, "y": -2272}, {"type": "zombie", "x": -2048, "y": -2272}, {"type": "zombie", "x": -1472, "y": -1920}, {"type": "zombie", "x": -1056, "y": -1504}, {"type": "zombie", "x": 2336, "y": -1984}, {"type": "zombie", "x": 3008, "y": -1088}, {"type": "zombie", "x": 3136, "y": -480}, {"type": "archer", "x": 4416, "y": -1216}, {"type": "archer", "x": 4000, "y": -992}, {"type": "zombie", "x": 3776, "y": -704}, {"type": "boss", "x": 1568, "y": -4096}, {"type": "chest", "x": -3872, "y": -768, "space": [["empty", "empty", "empty", "empty", "empty", "empty", "empty", "empty", "empty"], ["empty", "empty", "empty", "empty", ["key", "35"], "empty", "empty", "empty", "empty"], ["empty", "empty", "empty", "empty", "empty", "empty", "empty", "empty", "empty"]]}, {"type": "zombie", "x": 3136, "y": -1664}, {"type": "zombie", "x": 3040, "y": -1920}, {"type": "archer", "x": 2592, "y": -2176}, {"type": "archer", "x": 2944, "y": -2176}, {"type": "archer", "x": 3264, "y": -2176}, {"type": "chest", "x": 4608, "y": -1280, "space": [["empty", "empty", "empty", "empty", "empty", "empty", "empty", "empty", "empty"], ["empty", "empty", "empty", "empty", "empty", "empty", "empty", "empty", ["key", "45"]], ["empty", "empty", "empty", "empty", "empty", "empty", "empty", "empty", "empty"]]}, {"type": "zombie", "x": 3584, "y": -384}, {"type": "lock", "x": -64, "y": -288, "key": "15"}, {"type": "lock", "x": -64, "y": -672, "key": "25"}, {"type": "lock", "x": -64, "y": -1056, "key": "35"}, {"type": "lock", "x": -64, "y": -1440, "key": "45"}, {"type": "lock", "x": -64, "y": -1760, "key": "55"}, {"type": "checkpoint", "x": 0, "y": -448, "id": "1"}, {"type": "checkpoint", "x": 0, "y": -864, "id": "2"}, {"type": "checkpoint", "x": 0, "y": -1248, "id": "3"}, {"type": "checkpoint", "x": 0, "y": -1632, "id": "4"}, {"type": "checkpoint", "x": 0, "y": -3232, "id": "5"}]